,most_persistent,most_prevalent,early_warning,complication_specific,most_extreme,super_candidate
AAMDC,0,0,1,0,0,False
ADGRV1,1,0,0,0,0,False
AIDA,1,0,0,0,0,False
AKT2,0,0,1,0,0,False
ALDH2,1,0,0,0,0,False
ANXA3,0,0,1,0,0,False
ANXA4,0,1,1,0,0,False
AOC1,0,1,1,1,0,True
AREG,0,0,0,0,1,False
ARF6,0,0,1,0,0,False
ARFIP1,0,1,1,0,0,False
ARHGAP30,1,0,0,0,0,False
ARHGAP45,0,0,1,0,0,False
ARHGEF12,0,0,1,0,1,False
ARMCX2,1,0,0,0,0,False
ATF2,1,0,0,0,0,False
ATG16L1,0,0,1,0,0,False
ATP5IF1,0,0,1,0,0,False
ATP6V1F,1,0,0,0,0,False
BACH1,0,0,1,0,0,False
BATF,1,0,1,0,0,False
BCL2L1,0,1,1,0,0,False
BCR,0,1,1,0,0,False
BLOC1S3,0,0,1,0,0,False
BRAP,0,0,0,0,1,False
CACYBP,0,0,1,0,0,False
CALCOCO2,0,0,1,0,0,False
CAMSAP1,0,0,0,0,1,False
CASP3,0,0,0,0,1,False
CASP7,0,1,1,0,0,False
CC2D1A,0,1,1,0,0,False
CCL16,0,0,0,0,1,False
CD2,0,0,0,0,1,False
CD36,1,0,0,0,0,False
CD6,0,0,0,0,1,False
CD69,0,0,0,0,1,False
CDAN1,1,0,0,0,0,False
CDC37,0,1,1,0,0,False
CDC42BPB,0,0,1,0,0,False
CHMP1A,0,0,1,0,0,False
CIAPIN1,0,1,1,0,0,False
CIRBP,0,0,1,0,1,False
CLPP,0,0,1,0,0,False
CMC1,0,1,1,0,0,False
CMIP,0,1,1,0,0,False
CNPY4,0,0,1,0,0,False
COL4A1,0,0,0,0,1,False
COMT,0,0,0,0,1,False
CRADD,0,0,1,0,0,False
CRKL,0,1,1,0,0,False
CRX,1,0,0,0,0,False
CRYBB1,0,0,0,0,1,False
CRYZL1,0,0,1,0,0,False
CTNNA1,1,0,0,0,0,False
CXCL6,0,0,0,0,1,False
DAB2,0,1,1,1,0,True
DAPP1,0,0,0,0,1,False
DBN1,0,0,0,0,1,False
DBNL,0,1,1,0,0,False
DCTD,0,0,1,0,1,False
DEFA1_DEFA1B,0,0,0,0,1,False
DHRS4L2,0,0,1,0,0,False
DMD,0,0,1,0,0,False
DNAJB1,0,0,1,0,0,False
DNAJB14,0,0,1,0,0,False
DNAJC21,0,0,1,0,0,False
DNAJC6,0,0,1,0,0,False
DNMBP,0,0,1,0,0,False
DOK2,0,0,1,0,0,False
DPY30,0,0,0,0,1,False
DRG2,0,0,1,0,0,False
DTD1,0,0,1,0,0,False
DTX2,1,0,0,0,0,False
DUSP3,1,0,0,0,0,False
DXO,0,0,1,0,0,False
EBAG9,0,1,1,0,0,False
ECHS1,0,0,0,0,1,False
EDF1,0,0,1,0,0,False
EHBP1,0,0,1,0,0,False
EHD3,0,0,0,0,1,False
EIF2AK2,0,0,1,0,0,False
EIF2AK3,0,0,1,0,0,False
EIF2S2,0,0,1,0,0,False
EIF4B,0,0,0,0,1,False
EIF4G1,0,0,0,0,1,False
ERC2,0,0,0,0,1,False
FADD,0,1,1,0,0,False
FAM172A,0,1,1,0,0,False
FKBP14,0,0,1,0,0,False
FKBP5,0,0,1,0,0,False
FOLR3,1,0,1,0,0,False
FOXO1,0,0,1,0,0,False
FXN,0,1,1,0,0,False
FYB1,0,0,0,0,1,False
GCC1,0,0,1,0,0,False
GFOD2,1,0,0,0,0,False
GGCT,0,0,1,0,0,False
GIT1,0,0,0,0,1,False
GMFG,0,1,1,0,0,False
GORASP2,0,0,1,0,0,False
GRAP2,0,0,1,0,0,False
GSAP,1,0,1,0,0,False
GSTP1,1,0,0,0,0,False
GTF2IRD1,1,0,0,0,0,False
HARS1,0,1,1,0,0,False
HDGFL2,0,0,1,0,0,False
HEXIM1,0,0,1,0,0,False
HIF1A,1,0,0,0,0,False
HNF1A,1,0,0,0,0,False
HPCAL1,0,1,1,0,0,False
HSBP1,0,0,1,0,0,False
IFNGR2,1,1,1,0,0,True
IKZF2,1,0,0,0,0,False
IL17RA,1,0,0,0,0,False
IL18RAP,1,0,0,1,1,True
IL21R,1,0,0,0,0,False
IL5,1,0,0,0,0,False
IMPA1,0,0,1,0,0,False
IMPACT,0,0,1,0,0,False
IRAG2,0,0,1,0,0,False
IRAK1,0,0,1,0,0,False
IRAK4,0,0,1,0,0,False
IST1,0,0,1,0,0,False
JPT2,0,0,1,0,0,False
KCNC4,1,0,0,0,0,False
KDM3A,1,0,0,0,0,False
KLK1,1,1,1,1,0,True
LACTB2,0,1,1,0,0,False
LAMA1,1,0,0,0,0,False
LAT,0,0,0,0,1,False
LDLRAP1,0,0,1,0,0,False
LRFN2,1,0,0,0,0,False
LRPAP1,0,0,1,0,0,False
LYSMD3,1,0,0,0,0,False
LZTFL1,0,0,1,0,0,False
MANF,0,0,0,0,1,False
MAP2K1,0,0,1,0,0,False
MAP2K6,0,1,1,0,0,False
MAP4K5,0,0,1,0,0,False
MAPRE3,1,0,1,0,0,False
MARS1,0,0,1,0,0,False
MESD,0,1,1,0,0,False
MGMT,0,0,1,0,0,False
MIF,0,0,1,0,0,False
MINK1,0,0,0,0,1,False
MITD1,0,0,0,0,1,False
MSRA,0,0,1,0,0,False
MTDH,0,0,0,0,1,False
MTSS1,0,0,0,0,1,False
MYDGF,0,0,1,0,0,False
NAA80,0,0,0,0,1,False
NCK2,0,1,1,0,0,False
NCLN,1,0,1,0,0,False
NDUFB7,0,0,1,0,0,False
NECTIN1,0,0,1,0,0,False
NENF,0,0,1,0,0,False
NFATC1,0,0,1,0,0,False
NFKB1,0,0,1,0,0,False
NFU1,0,0,1,0,0,False
NMT1,0,0,1,0,0,False
NRGN,0,1,1,0,0,False
NUDC,0,0,0,0,1,False
NUDT16,0,0,1,0,0,False
OGA,0,0,1,0,0,False
OPHN1,0,0,0,0,1,False
OTUD6B,0,1,1,0,0,False
PALM3,1,0,0,0,0,False
PCBP2,0,0,1,0,0,False
PDE4D,1,0,0,0,0,False
PDIA4,0,0,1,0,0,False
PDLIM5,0,0,1,0,0,False
PDLIM7,0,1,1,0,0,False
PGR,1,0,0,0,0,False
PHACTR2,0,0,1,0,0,False
PLA2G4A,0,0,1,0,0,False
PLCB2,0,0,1,0,0,False
PLEKHO1,0,0,1,0,0,False
PNLIPRP1,0,0,0,0,1,False
PPIB,0,0,1,0,0,False
PPIE,1,0,0,0,0,False
PPM1F,0,0,1,0,0,False
PPP1CC,0,1,1,0,0,False
PPP1R12A,0,1,1,1,0,True
PPP1R2,0,0,1,0,0,False
PRDX5,0,0,1,0,0,False
PRR4,0,0,0,0,1,False
PRTFDC1,0,0,0,0,1,False
PTRHD1,0,0,1,0,0,False
PXDNL,1,0,0,0,0,False
RAB2B,0,0,0,0,1,False
RAB33A,0,0,0,0,1,False
RABEP1,0,0,1,0,0,False
RGCC,0,0,1,0,0,False
RGS10,0,0,0,0,1,False
RHOC,0,0,1,0,0,False
RICTOR,1,0,0,0,0,False
ROBO1,0,0,0,0,1,False
RTN4IP1,1,0,0,0,0,False
RWDD1,0,0,1,0,0,False
SAMD9L,0,0,1,0,0,False
SEC31A,0,0,1,0,0,False
SERPINA9,0,0,0,0,1,False
SERPINB1,0,0,1,0,0,False
SERPINB6,0,0,1,0,0,False
SERPINB9,0,0,1,0,1,False
SF3B4,0,0,1,0,0,False
SIGLEC10,1,0,0,0,0,False
SLK,1,0,0,0,0,False
SMAD1,0,0,0,0,1,False
SNAP23,0,0,0,0,1,False
SNX9,0,1,1,0,0,False
SRPK2,0,0,1,0,0,False
STAT5B,0,0,1,0,0,False
STAU1,1,0,0,0,0,False
STIP1,0,0,1,0,0,False
STK11,0,0,1,0,0,False
STX3,0,0,0,0,1,False
STX4,0,0,1,0,0,False
SUGT1,0,0,1,0,0,False
SULT1A1,0,0,1,0,0,False
SUMF1,1,0,0,0,0,False
SYTL4,0,0,1,0,0,False
TBC1D23,0,1,1,0,0,False
TBCA,0,0,1,0,0,False
TBCB,0,0,1,0,0,False
TBCC,0,1,1,0,0,False
TIA1,0,1,1,0,0,False
TJAP1,0,1,1,0,0,False
TMED8,0,1,1,0,0,False
TMPRSS11B,1,0,0,0,0,False
TNFAIP8L2,0,1,1,0,0,False
TNIP1,0,0,1,0,0,False
TP53BP1,0,0,1,0,0,False
TREM2,0,0,0,0,1,False
TRIAP1,0,0,1,0,0,False
TWF2,0,1,1,0,0,False
TXK,0,0,1,0,0,False
TXNDC9,0,1,1,0,0,False
UFD1,0,0,1,0,0,False
USP25,0,1,1,0,0,False
USP47,1,0,0,0,0,False
USP8,0,0,1,0,0,False
VASH1,0,1,1,0,0,False
VASP,0,1,1,0,0,False
VAV3,0,1,1,0,0,False
VCPKMT,1,0,0,0,0,False
VPS4B,0,1,1,0,0,False
VPS53,0,1,1,0,0,False
VSTM2L,0,0,0,0,1,False
VWA5A,1,0,0,0,0,False
WASF1,0,1,1,0,0,False
YARS1,0,1,1,0,0,False
YES1,0,0,1,0,0,False
YWHAQ,0,1,1,0,0,False
