,analyte_ID,n_patients_elevated_at_earliest,percent_elevated_at_earliest,n_patient_elevated_at_first_two,percent_elevated_at_first_two,mean_MAD_score_at_earliest,mean_MAD_score_at_first_two
95,FOLR3,13,1.0,13,1.0,14.975734982827642,14.975734982827642
107,GSAP,10,1.0,10,1.0,7.424353895778017,7.424353895778017
144,MAPRE3,11,1.0,10,0.9090909090909091,5.239780028030271,5.4414994482398065
228,SULT1A1,11,1.0,10,0.9090909090909091,3.451745336584843,3.7969198702433276
9,ARF6,10,1.0,9,0.9,3.7214411016419717,4.134934557379968
19,BATF,10,1.0,9,0.9,4.68822536831829,5.209139298131433
87,F11R,10,1.0,9,0.9,4.215123925369431,4.297672686301076
108,GTPBP2,10,1.0,9,0.9,3.9476572258955662,4.386285806550629
159,NCLN,10,1.0,9,0.9,4.950433440956731,5.101951529490632
245,TRIAP1,10,1.0,9,0.9,4.172934719119215,4.636594132354684
39,CHMP1A,15,1.0,13,0.8666666666666667,3.4447155246252006,3.9746717591829235
78,EBAG9,15,1.0,13,0.8666666666666667,4.372192698161398,4.691961481960897
192,PPP1R2,15,1.0,13,0.8666666666666667,4.285326675558264,4.944607702567227
259,YARS1,15,1.0,13,0.8666666666666667,3.7754430959945213,4.081051308036207
43,CLPP,13,1.0,11,0.8461538461538461,3.748105188547826,4.429578859192886
56,CRYZL1,13,1.0,11,0.8461538461538461,3.805260387306998,4.151441105408253
102,GIGYF2,13,1.0,11,0.8461538461538461,4.286460510963051,4.62609241116492
143,MAP4K5,13,1.0,11,0.8461538461538461,3.546027781769733,3.85938927449276
154,MYDGF,13,1.0,11,0.8461538461538461,4.5517555020521545,4.745033567104124
161,NECTIN1,13,1.0,11,0.8461538461538461,3.761855433545251,4.445829148735297
4,AKT2,12,1.0,10,0.8333333333333334,4.23130904153837,4.634142554140289
46,CNP,12,1.0,10,0.8333333333333334,4.008293719499528,4.301741821921701
118,IFNGR2,18,1.0,15,0.8333333333333334,3.8006497757516797,4.5607797309020155
238,TMED8,17,1.0,14,0.8235294117647058,4.218539561466639,4.540824910757356
49,COMMD1,11,1.0,9,0.8181818181818182,3.5576324842979847,3.9640780719249893
50,COMT,11,1.0,9,0.8181818181818182,3.238545467797789,3.9582222384195203
62,DBNL,11,1.0,9,0.8181818181818182,3.169807282527764,3.874208900867268
75,DTD1,11,1.0,9,0.8181818181818182,3.4700953303193103,3.8580924082541324
115,HS1BP3,11,1.0,9,0.8181818181818182,3.6727043102311026,4.488860823615791
136,LRPAP1,11,1.0,9,0.8181818181818182,5.6544591434449005,6.911005619765991
141,MAP2K1,11,1.0,9,0.8181818181818182,4.2539884470712686,4.7031136259882915
185,PLEKHO1,11,1.0,9,0.8181818181818182,4.1670957577115555,4.271367237418496
225,STK11,11,1.0,9,0.8181818181818182,4.2573098750880956,4.447002357253709
2,ABL1,10,1.0,8,0.8,4.5006182506117876,5.035282883060413
18,BANK1,10,1.0,8,0.8,3.246680030152273,3.6314486610310452
27,CASP7,15,1.0,12,0.8,3.8816387649291926,4.430176359696884
66,DDHD2,10,1.0,8,0.8,3.339191852913957,4.173989816142446
127,IST1,15,1.0,12,0.8,3.9755838573748385,4.3183762148321465
149,MGMT,15,1.0,12,0.8,3.3920222758355836,3.9211482008525205
172,OPLAH,10,1.0,8,0.8,3.930385268154558,4.3924021633992485
187,PLXNA4,10,1.0,8,0.8,3.766048720654786,3.6973625820609355
199,PTRHD1,10,1.0,8,0.8,4.244852348403692,4.137484590601453
29,CC2D1A,14,1.0,11,0.7857142857142857,4.125059706769429,4.204351971884023
63,DCTD,14,1.0,11,0.7857142857142857,3.6125201138269696,3.9533853420467424
104,GORASP2,14,1.0,11,0.7857142857142857,4.311452345878699,4.748525850774428
113,HPCAL1,14,1.0,11,0.7857142857142857,3.4323673473978706,4.05785888366616
145,MARS1,14,1.0,11,0.7857142857142857,3.417939214716547,4.350104455093786
153,MSRA,14,1.0,11,0.7857142857142857,3.7417882477512947,4.372721797216453
186,PLPBP,14,1.0,11,0.7857142857142857,4.272573887431198,4.220222822080911
207,SEC31A,14,1.0,11,0.7857142857142857,3.603608979194934,4.586411428066279
10,ARFIP1,13,1.0,10,0.7692307692307693,3.4139113855241914,4.059629568366644
42,CIRBP,13,1.0,10,0.7692307692307693,3.1998832853131374,3.842821621996438
79,EDF1,13,1.0,10,0.7692307692307693,4.643188949779496,5.297296411365123
106,GRAP2,13,1.0,10,0.7692307692307693,3.9535897348233466,4.340073806792391
175,PCBP2,13,1.0,10,0.7692307692307693,4.6609456599306265,4.839845695108755
194,PRDX5,13,1.0,10,0.7692307692307693,3.5363837533824114,4.181389230583392
5,ANXA3,16,1.0,12,0.75,4.131335538079687,4.399773615913552
61,DBI,12,1.0,9,0.75,3.993834679163261,4.161282457526637
81,EIF2AK2,16,1.0,12,0.75,3.578805688840003,4.771740918453337
88,FADD,16,1.0,12,0.75,3.723451194354108,4.387299140201541
90,FARSA,12,1.0,9,0.75,4.189025437914976,4.534228535866443
111,HEXIM1,12,1.0,9,0.75,3.457697129113701,4.208155764691844
139,LZTFL1,12,1.0,9,0.75,4.55721250817757,4.968136323736194
179,PDLIM7,16,1.0,12,0.75,3.777756360515302,4.417388666324625
205,SAMD9L,12,1.0,9,0.75,3.767630562241994,4.576704238927552
208,SERPINB1,16,1.0,12,0.75,4.186022544358865,4.624326038226571
209,SERPINB9,12,1.0,9,0.75,2.840466238370317,3.7872883178270893
211,SIRT2,12,1.0,9,0.75,4.10335035892248,4.3877873185504335
223,STAT5B,12,1.0,9,0.75,3.750998832553852,4.2551135377800176
230,TACC3,12,1.0,9,0.75,3.8001864297336527,4.109743167087865
241,TNIP1,12,1.0,9,0.75,3.0233319743986997,4.031109299198267
89,FAM172A,15,1.0,11,0.7333333333333333,3.340121440253897,4.554711054891678
97,FXN,15,1.0,11,0.7333333333333333,4.614157855528684,5.091133999158166
132,LACTB2,15,1.0,11,0.7333333333333333,4.096611054163396,4.535643214599999
216,SNX9,15,1.0,11,0.7333333333333333,3.8912039859910923,4.3798920815343205
34,CDKN1A,11,1.0,8,0.7272727272727273,3.879548727541996,4.4746618484294505
37,CEP20,11,1.0,8,0.7272727272727273,3.4310097586946595,4.2982623032008735
119,IKBKG,11,1.0,8,0.7272727272727273,3.3033431680918866,4.100373675586826
148,METAP1D,11,1.0,8,0.7272727272727273,3.821224435556544,3.8003986917268673
163,NFKB1,11,1.0,8,0.7272727272727273,3.4284455915229333,4.291998262240613
168,NUDC,11,1.0,8,0.7272727272727273,2.9217667274648007,4.017429250264102
169,NUDT16,11,1.0,8,0.7272727272727273,3.47684927158125,4.343611207800468
180,PFKFB2,11,1.0,8,0.7272727272727273,3.6548917248718906,4.036095960906217
184,PLCB2,11,1.0,8,0.7272727272727273,3.4986424482738574,4.338641513912444
212,SLA2,11,1.0,8,0.7272727272727273,3.359657908179378,4.096679681380769
234,TBCB,11,1.0,8,0.7272727272727273,3.680111805254727,4.177962685901001
246,TRIM25,11,1.0,8,0.7272727272727273,3.059895237497021,4.207355951558404
93,FKBP5,14,1.0,10,0.7142857142857143,3.1429744623396383,3.707201926432712
189,PPM1F,14,1.0,10,0.7142857142857143,3.983313365363281,4.719838488740719
250,USP25,14,1.0,10,0.7142857142857143,3.922883833284909,4.5184623666673716
54,CRKL,17,1.0,12,0.7058823529411765,3.7995661850931026,4.4616543088861125
247,TWF2,17,1.0,12,0.7058823529411765,3.759469098565476,4.591278474847602
13,ARHGEF12,10,1.0,7,0.7,3.7044657018116793,3.847847261951127
68,DHRS4L2,10,1.0,7,0.7,4.297899297003086,4.659513936702263
138,LYN,10,1.0,7,0.7,4.030253434878306,4.2318696328282215
151,MMP15,10,1.0,7,0.7,3.50828977900188,4.501747914836592
204,S100A4,10,1.0,7,0.7,4.331559798629142,4.531319011856167
239,TNFAIP2,10,1.0,7,0.7,4.973130481428942,5.088952394235659
248,TXNDC9,20,1.0,14,0.7,5.126712582500787,6.478110400399975
11,ARHGAP45,13,1.0,9,0.6923076923076923,3.2030907134710755,4.212696501548658
14,ATG16L1,13,1.0,9,0.6923076923076923,3.1338726940141983,4.526705002464952
96,FOXO1,13,1.0,9,0.6923076923076923,3.4975693491868785,4.04900572719271
129,JPT2,13,1.0,9,0.6923076923076923,3.2796443887741122,4.359829388267184
146,MAVS,13,1.0,9,0.6923076923076923,3.4063194711936644,4.333813310981214
164,NFU1,13,1.0,9,0.6923076923076923,3.4905303617707855,4.24236704348365
167,NUB1,13,1.0,9,0.6923076923076923,3.127115685557936,3.984299877667837
197,PTPN1,13,1.0,9,0.6923076923076923,3.251464857673339,4.138338159720135
249,UFD1,13,1.0,9,0.6923076923076923,3.3776846075413594,4.500334731290413
20,BCL2L1,16,1.0,11,0.6875,3.505240332116284,4.416452764126926
32,CDC37,16,1.0,11,0.6875,4.000733765948393,4.68292967843418
0,AAMDC,12,1.0,8,0.6666666666666666,4.538989247494539,4.877647256091485
38,CETN3,12,1.0,8,0.6666666666666666,3.749647377044653,4.6256887137664595
44,CMC1,18,1.0,12,0.6666666666666666,4.14309289173746,5.163186804475126
47,CNPY4,12,1.0,8,0.6666666666666666,3.638926837906004,4.523258497781587
53,CRADD,15,1.0,10,0.6666666666666666,3.711331924751027,4.338731733602204
70,DNAJC21,12,1.0,8,0.6666666666666666,3.7599609621634937,4.69181474082105
100,GCC1,15,1.0,10,0.6666666666666666,2.815304662303306,3.9077923674132484
123,IPCEF1,12,1.0,8,0.6666666666666666,3.3151311813701754,4.0133935054308525
181,PHACTR2,12,1.0,8,0.6666666666666666,3.685560302370723,4.576663961605496
227,SUGT1,12,1.0,8,0.6666666666666666,4.036385787675215,4.548096777643298
251,USP8,12,1.0,8,0.6666666666666666,3.187189541311198,4.283775909935234
254,VAV3,15,1.0,10,0.6666666666666666,3.4244539367762696,4.23123596959287
237,TJAP1,20,1.0,13,0.65,4.197757589369474,5.391940460831242
261,YWHAQ,20,1.0,13,0.65,4.849883836466159,6.188568809473053
6,ANXA4,17,1.0,11,0.6470588235294118,4.126860984565784,4.8525618694178485
41,CIAPIN1,17,1.0,11,0.6470588235294118,3.9970616485882533,4.713046337545917
109,HARS1,17,1.0,11,0.6470588235294118,3.7904363053853736,5.094183228232858
16,AXIN1,14,1.0,9,0.6428571428571429,3.037083653394379,3.865378435414963
156,MYO9B,14,1.0,9,0.6428571428571429,3.0111926398408335,4.316551333575508
203,RWDD1,14,1.0,9,0.6428571428571429,4.314186103057972,4.720965610523527
220,SRPK2,14,1.0,9,0.6428571428571429,5.970402652300543,6.704450726233965
23,CA13,11,1.0,7,0.6363636363636364,3.242394548840698,4.047343330758291
55,CRYBB1,11,1.0,7,0.6363636363636364,4.032695341595333,4.569504814413974
60,DARS1,11,1.0,7,0.6363636363636364,3.12117355804922,3.7741128637496906
71,DNAJC6,11,1.0,7,0.6363636363636364,4.025127892531923,4.773832482554803
85,ELAC1,11,1.0,7,0.6363636363636364,3.2894417992255414,4.235125646372881
122,INPP5D,11,1.0,7,0.6363636363636364,3.977790326100018,4.226573666172473
157,NAA80,11,1.0,7,0.6363636363636364,3.6221324395616303,4.150357144058257
174,OTUD7B,11,1.0,7,0.6363636363636364,3.730816011596754,4.811821134797374
222,STAMBP,11,1.0,7,0.6363636363636364,4.240796754007807,4.555408294364893
226,STX4,11,1.0,7,0.6363636363636364,3.836797966221853,4.617140708225707
231,TAX1BP1,11,1.0,7,0.6363636363636364,3.385301396139651,4.470833940754574
173,OTUD6B,16,1.0,10,0.625,3.5997303726448693,4.482214617780544
26,CASP2,13,1.0,8,0.6153846153846154,2.945836595559984,4.387931805232677
33,CDC42BPB,13,1.0,8,0.6153846153846154,3.25012971801856,4.456316268952873
198,PTPN6,13,1.0,8,0.6153846153846154,3.1504487049328964,3.7914374339902617
224,STIP1,13,1.0,8,0.6153846153846154,3.918224031957212,4.5778308636709335
260,YES1,13,1.0,8,0.6153846153846154,3.2822640682251483,4.465969635054368
25,CAMSAP1,10,1.0,6,0.6,2.296489328509215,3.8274822141820253
82,EIF2AK3,10,1.0,6,0.6,2.6689181297056974,3.7954696141676876
94,FKBPL,10,1.0,6,0.6,3.6963466402671776,4.507933465214705
101,GGCT,15,1.0,9,0.6,5.020130374501284,4.85460394220225
125,IRAK1,10,1.0,6,0.6,3.0839383281570227,4.497487413646284
142,MAP2K6,15,1.0,9,0.6,3.383943756990065,4.38038775733311
170,OGA,15,1.0,9,0.6,2.8047102070116807,4.260498873889923
176,PDAP1,10,1.0,6,0.6,4.108684710849524,4.180539811941528
218,SPART,10,1.0,6,0.6,2.5716535567548378,4.286089261258063
235,TBCC,15,1.0,9,0.6,3.3489721013195375,4.706392417194263
242,TOMM20,10,1.0,6,0.6,4.4361338649463695,5.7901316537056395
12,ARHGEF1,12,1.0,7,0.5833333333333334,2.6837029668567483,4.038710336365434
40,CHMP6,12,1.0,7,0.5833333333333334,3.159951382856189,4.862239485834715
67,DFFA,12,1.0,7,0.5833333333333334,4.05992733264413,4.959622365152297
83,EIF2S2,12,1.0,7,0.5833333333333334,3.5260476190443915,4.389228992194147
77,DXO,14,1.0,8,0.5714285714285714,3.4869608243662467,4.862028165324421
200,RABEP1,14,1.0,8,0.5714285714285714,3.5166428039209543,4.635546446543776
190,PPP1CC,16,1.0,9,0.5625,3.234283260342501,4.906819097985229
22,BLOC1S3,18,1.0,10,0.5555555555555556,3.766446823732907,5.842177392289281
28,CASP8,11,1.0,6,0.5454545454545454,3.474675586474931,4.3659860155958645
84,EIF4B,11,1.0,6,0.5454545454545454,3.0343302135402737,3.7454292286489643
112,HNRNPK,11,1.0,6,0.5454545454545454,3.764172395830241,4.183568860729288
137,LRRFIP1,11,1.0,6,0.5454545454545454,3.1204882678652397,4.466325101903164
233,TBCA,11,1.0,6,0.5454545454545454,4.248354051473718,4.71692559227296
244,TREML1,11,1.0,6,0.5454545454545454,3.059594321865219,4.390650553571983
92,FKBP14,13,1.0,7,0.5384615384615384,3.4547702701875123,4.772860679002691
262,ZFYVE19,13,1.0,7,0.5384615384615384,3.278687973475239,4.93532030259216
116,HSBP1,15,1.0,8,0.5333333333333333,3.2871445431442745,4.750798096708154
210,SF3B4,15,1.0,8,0.5333333333333333,4.218657501968797,4.3768040977425855
52,COX6B1,12,1.0,6,0.5,3.456948679734437,5.079720486767258
58,CXCL1,10,1.0,5,0.5,3.567294374632696,5.656587734635511
65,DCTN2,10,1.0,5,0.5,3.2086252739998464,4.489004306733339
110,HDGFL2,12,1.0,6,0.5,2.580294022006881,4.0163611345831844
150,MIF,14,1.0,7,0.5,3.6602357737535987,4.241454881269736
152,MORC3,10,1.0,5,0.5,4.022170696106465,4.646705772451876
206,SARG,14,1.0,7,0.5,2.6083258676043326,4.126191435460398
124,IRAG2,13,1.0,6,0.46153846153846156,3.873731151458346,4.629029426484864
31,CDC26,12,1.0,5,0.4166666666666667,2.39890143625956,4.123930132184469
8,AP3S2,10,1.0,4,0.4,3.3289814815925567,4.7162674943180445
35,CEP164,10,1.0,4,0.4,5.751162592963334,11.810965032010893
217,SOD1,10,1.0,4,0.4,3.4828044719056015,3.882084959654893
221,SSNA1,10,1.0,4,0.4,4.057668468874777,4.211013030260501
257,VTA1,10,1.0,4,0.4,4.164275715464184,4.312983676435081
76,DTYMK,11,1.0,4,0.36363636363636365,4.0120951064959565,4.582851250815387
1,ABHD14B,10,1.0,3,0.3,3.1882466858906766,3.7440360597969526
64,DCTN1,10,1.0,3,0.3,3.24573218222587,4.180459801219255
121,IMPACT,10,1.0,3,0.3,4.13432839392962,4.6024859988857285
158,NCK2,20,0.9523809523809523,15,0.7142857142857143,3.8062984765688506,5.075064635425134
255,VPS4B,19,0.95,14,0.7,3.341955945741533,4.535511640649223
166,NRGN,19,0.95,13,0.65,4.073423656540501,5.019140097423516
232,TBC1D23,19,0.95,11,0.55,3.2597123013504743,4.038916882188775
130,KLK1,18,0.9473684210526315,17,0.8947368421052632,4.454822239411643,4.53028240049748
252,VASH1,18,0.9473684210526315,13,0.6842105263157895,4.797141411296941,6.283231634829042
256,VPS53,18,0.9473684210526315,13,0.6842105263157895,3.9863330183398227,4.80281054879294
253,VASP,18,0.9473684210526315,12,0.631578947368421,3.869174337751482,4.689132994847018
59,DAB2,18,0.9473684210526315,11,0.5789473684210527,3.8072112141291985,4.957155114673946
236,TIA1,16,0.9411764705882353,14,0.8235294117647058,4.901710951451972,5.601955373087968
72,DNMBP,16,0.9411764705882353,13,0.7647058823529411,3.9162598954567622,4.820012179023708
162,NFATC1,16,0.9411764705882353,12,0.7058823529411765,3.6362216378281724,4.488571584772892
21,BCR,16,0.9411764705882353,11,0.6470588235294118,3.6069594140487085,4.537732985026358
7,AOC1,15,0.9375,13,0.8125,4.628407727258357,5.340470454528873
15,ATP5IF1,15,0.9375,10,0.625,3.706020945444051,4.440863241984228
69,DNAJB14,15,0.9375,10,0.625,4.000766759575404,4.837482920284964
178,PDLIM5,15,0.9375,9,0.5625,2.937522207070641,4.05858411091033
183,PLA2G4A,15,0.9375,9,0.5625,3.6805676172854294,4.796446921533599
188,PPIB,15,0.9375,7,0.4375,3.6491797217972457,4.638440188269326
120,IMPA1,14,0.9333333333333333,14,0.9333333333333333,4.926237517214331,4.926237517214331
103,GMFG,14,0.9333333333333333,11,0.7333333333333333,3.606026080479372,4.242458415616652
134,LBR,14,0.9333333333333333,10,0.6666666666666666,4.299339033962314,5.101111183457769
160,NDUFB7,14,0.9333333333333333,10,0.6666666666666666,3.6388014328361202,4.773962443705034
240,TNFAIP8L2,14,0.9333333333333333,10,0.6666666666666666,3.7773619243973107,4.888590310869526
177,PDIA4,14,0.9333333333333333,9,0.6,3.8705260573094633,5.085815914245478
219,SRC,13,0.9285714285714286,10,0.7142857142857143,3.835318810754784,4.206441527464646
17,BACH1,13,0.9285714285714286,8,0.5714285714285714,3.1417555980550183,4.38506303178192
36,CEP170,13,0.9285714285714286,8,0.5714285714285714,2.9229339941373933,4.263940029233781
128,ITGB1BP2,13,0.9285714285714286,8,0.5714285714285714,2.4956493405000924,4.055430178312651
213,SLC4A1,13,0.9285714285714286,7,0.5,4.421685958655891,6.118357276451365
229,SYTL4,13,0.9285714285714286,7,0.5,3.548415140703834,4.9560743402864365
201,RGCC,12,0.9230769230769231,11,0.8461538461538461,3.9261789251567607,4.283104281989194
51,CORO1A,12,0.9230769230769231,9,0.6923076923076923,3.2233798569858325,4.297839809314443
126,IRAK4,12,0.9230769230769231,9,0.6923076923076923,3.072608587483039,3.722531940427907
24,CALCOCO2,12,0.9230769230769231,7,0.5384615384615384,2.874630982741331,4.38452987396371
258,WASF1,12,0.9230769230769231,7,0.5384615384615384,3.4614739573564375,4.444809485419256
3,AFAP1,12,0.9230769230769231,6,0.46153846153846156,3.35244436781988,4.761617144521086
196,PRTFDC1,11,0.9166666666666666,8,0.6666666666666666,2.547570446880876,3.502909364461205
80,EHBP1,11,0.9166666666666666,7,0.5833333333333334,3.552215586620076,4.884584406682864
191,PPP1R12A,22,0.9166666666666666,14,0.5833333333333334,4.600031189942303,5.59075023444813
57,CSDE1,11,0.9166666666666666,6,0.5,3.6971965960489386,4.414753555543846
135,LDLRAP1,11,0.9166666666666666,6,0.5,2.8139016882805445,4.064087072913109
140,MANF,11,0.9166666666666666,6,0.5,2.8523554839040726,3.9724209532904813
45,CMIP,21,0.9130434782608695,14,0.6086956521739131,3.6368420155343077,4.790320903105699
86,ERBIN,10,0.9090909090909091,9,0.8181818181818182,3.936375710119299,4.373750789021444
98,FXYD5,10,0.9090909090909091,9,0.8181818181818182,4.127761539426911,4.218183786671911
243,TP53BP1,10,0.9090909090909091,9,0.8181818181818182,4.155990556339594,4.20249942039126
114,HRAS,10,0.9090909090909091,8,0.7272727272727273,5.546450117334971,6.044006367111722
195,PRKG1,10,0.9090909090909091,8,0.7272727272727273,3.8179528736721773,4.772441092090221
30,CD40,10,0.9090909090909091,7,0.6363636363636364,3.8125705900256173,4.761566031001819
48,CNST,10,0.9090909090909091,7,0.6363636363636364,3.7300909434966307,4.194043861184677
117,HSPA1A,10,0.9090909090909091,7,0.6363636363636364,4.413230788573338,4.8642911032774565
133,LAT2,10,0.9090909090909091,7,0.6363636363636364,3.8597355517329306,4.904057970361714
155,MYH9,10,0.9090909090909091,7,0.6363636363636364,3.6220491037512588,4.5989953518970434
193,PPT1,10,0.9090909090909091,7,0.6363636363636364,4.117836473881228,5.88262353411604
147,MESD,20,0.9090909090909091,13,0.5909090909090909,3.6800753915446074,4.653346640915781
99,GADD45GIP1,10,0.9090909090909091,6,0.5454545454545454,3.184843409631037,5.3080723493850615
105,GP6,10,0.9090909090909091,6,0.5454545454545454,4.0741413858490905,4.193680222491965
214,SLMAP,10,0.9090909090909091,6,0.5454545454545454,2.677372106150746,4.462286843584577
91,FGF2,10,0.9090909090909091,4,0.36363636363636365,2.4517306322625836,4.964342527602212
73,DOK2,14,0.875,11,0.6875,3.6790476607011207,4.287878478064697
74,DRG2,12,0.8571428571428571,9,0.6428571428571429,3.5093959041992804,4.679194538932374
215,SMTN,12,0.8571428571428571,8,0.5714285714285714,3.21409983646202,4.204717088774817
165,NMT1,12,0.8571428571428571,7,0.5,3.1237873445177176,4.3166810055596
202,RHOC,12,0.8571428571428571,7,0.5,2.444517706933889,4.1906017833152385
182,PKD2,11,0.8461538461538461,4,0.3076923076923077,2.3077545696005677,4.134520222139366
171,OPHN1,10,0.8333333333333334,8,0.6666666666666666,3.0184987276916275,3.7731234096145343
131,L3HYPDH,10,0.8333333333333334,7,0.5833333333333334,3.5285376831986133,4.56883227133872
